"E","Is","Im","A","H","D","R","county_num","county","population"
60.3569553151164,5.54112835038743,15.9619338611534,14.0895552444121,0.903180513006567,0.204645292206276,23.6111422370593,1,"Fairfield",944348
0.516332722003451,0.0359386493456971,0.11382863136699,0.0953112568115,0.00436960454983694,0.000838784577675508,0.111765899326263,2,"New London",268881
2.70135182309187,0.204853249343617,0.629030213919725,0.535738778009509,0.0277630835679722,0.00571647660739069,0.716422017104498,3,"Litchfield",183031
0.213387080381227,0.0185301783315596,0.0542700815686501,0.0474533927135912,0.00289343137196529,0.000643581848788778,0.0754493563791836,4,"Windham",116538
2.15118782933707,0.184053835431716,0.542308061070151,0.472621681388258,0.0282483902836238,0.0062219477918594,0.735561445341328,5,"Tolland",151269
42.9235054980628,3.94482363252434,11.359771778039,10.0291429133994,0.643539551788863,0.145871422179069,16.8244716307066,6,"Hartford",894730
3.20910048784341,0.270946320075306,0.801820213665113,0.697077396116519,0.0410811161869885,0.00899419409712214,1.06882964984736,7,"Middlesex",163368
33.0919533805516,3.0210444853683,8.71782932723408,7.68752626048891,0.490202623799297,0.110845606970966,12.811298250884,8,"New Haven",859339
