"E","Is","Im","A","H","NH","NI","D","R","county_num","county","population"
161.737346938901,7.91221008797625,52.0364811614795,42.3358060030293,2.63933151987626,0,37.7327995787479,0.267382661424443,54.1558619311746,1,"Fairfield",944348
1.99342171212414,0.0790285902795107,0.5576189712317,0.433000380950461,0.0206983882349611,0,0.326649627816988,0.0014619306936959,0.359684664898635,2,"New London",268881
7.46948355498376,0.296964407169288,2.09387777014744,1.62672205810707,0.0779687853140096,0,1.22955467034774,0.00552089365656643,1.35644411986905,3,"Litchfield",183031
0.0552666794402911,0.00182157024847328,0.0135059000202513,0.0101379490668411,0.000392707763704271,0,0.00659740954653786,0.000021550614747259,0.0061379125255258,4,"Windham",116538
2.61672641848666,0.104013801467434,0.733427040711947,0.569778123719987,0.0273050027782407,0,0.430613753411018,0.0019331609419539,0.475001325984094,5,"Tolland",151269
140.184134357908,6.87007520174723,45.1574143166927,36.752899182257,2.29547720719631,0,32.7963633700266,0.232973550895068,47.143968345314,6,"Hartford",894730
4.50124053434117,0.178821676042411,1.26109605479592,0.979612396663406,0.0469197099974051,0,0.7400592154279,0.00332012511695071,0.816029249361737,7,"Middlesex",163368
103.5367488543,5.04251464008524,33.2094926237913,26.9933383732073,1.67514555174174,0,23.9861315040682,0.16892436488415,34.2921517656702,8,"New Haven",859339
