"E","Is","Im","A","H","D","R","county_num","county","population"
153.028324129013,8.20362527532637,43.8263420461598,35.2482526742481,1.12446098016412,0.388104246490915,63.4168454459398,1,"Fairfield",944348
3.977979835267,0.19363354289373,1.06934380869689,0.845042949374487,0.024271238093963,0.00798269509893107,1.35993396716175,2,"New London",268881
7.25247308052841,0.317748320791528,1.82442143472248,1.41281581547934,0.0352878390860237,0.0107358469728559,1.95749056300391,3,"Litchfield",183031
0.353041766898756,0.0168834498083425,0.093588322333646,0.0737943071696625,0.00209779485698177,0.000689670229566865,0.117564771438381,4,"Windham",116538
4.28372709536979,0.204862717221426,1.13868543908328,0.896805226405325,0.0251990275876167,0.00819438536413964,1.40978749029521,5,"Tolland",151269
126.575152861748,6.79559436561383,36.2861362411711,29.1916414239796,0.932640648299703,0.322103784831042,52.603302959733,6,"Hartford",894730
8.7880211481379,0.429576210634005,2.36902983794759,1.87350613457592,0.0540571582645711,0.0178163028383792,3.02967011547797,7,"Middlesex",163368
90.7764182216652,4.8397690900782,25.9030269926746,20.8126612072768,0.660291072983806,0.227358247038207,37.2266049953083,8,"New Haven",859339
