"E","Is","Im","A","H","NH","NI","D","R","county_num","county","population"
106.677381179654,4.89776237512644,31.2107482629823,24.9018012109628,1.41871965341478,0,20.1416371847196,0.122242738857702,25.0975621478571,1,"Fairfield",944348
3.05792065310594,0.12918380879359,0.843320996016795,0.661921340489793,0.034507824913206,0,0.503423812434482,0.0027126987092267,0.584448996909393,2,"New London",268881
4.39974000812853,0.161607669644759,1.10258177284676,0.840168194322838,0.0362625821387944,0,0.563936896588057,0.00217599084912039,0.54689365876576,3,"Litchfield",183031
0.654000167730331,0.0290488885186098,0.186724249933443,0.148096679733685,0.0081861025793895,0,0.1172043076145,0.000686944952499946,0.14296153823966,4,"Windham",116538
2.28841506359686,0.0905727015350695,0.603259980662789,0.467136322684854,0.0224525752092251,0,0.336368848862948,0.00159457869646226,0.363279189819923,5,"Tolland",151269
91.7623524483018,4.21934626132339,26.876121046137,21.4496023297544,1.22386571769088,0,17.3675593085599,0.105602469978696,21.6654166731969,6,"Hartford",894730
6.15896328507358,0.258806133049378,1.69233503547568,1.32681533904743,0.0687179516951827,0,1.00466178094463,0.00535982323909328,1.15966413260089,7,"Middlesex",163368
65.5832870834626,2.99656896103855,19.1215507031723,15.2421505275326,0.86422725870266,0,12.2870720810456,0.0741256138498447,15.2545444360993,8,"New Haven",859339
