county_num,county,population,E,Is,Im,A,H,D,R
1,Fairfield,944348,155.9136399,6.557779611,53.72118741,46.29045193,2.838236958,0.511735236,107.2429538
2,New London,268881,0.019806103,0.000833051,0.006824338,0.005880393,0.000360548,6.5007E-05,0.013623343
3,Litchfield,183031,0.010256732,0.000431402,0.003534032,0.003045203,0.000186713,3.36643E-05,0.007054945
4,Windham,116538,0.543253101,0.022849406,0.187181838,0.161290773,0.009889327,0.00178305,0.373668828
5,Tolland,151269,1.222319476,0.051411164,0.421159135,0.36290424,0.022250987,0.004011862,0.840754864
6,Hartford,894730,83.11772439,3.495959166,28.63882116,24.67748831,1.513067089,0.272806589,57.17133075
7,Middlesex,163368,0.029709154,0.001249577,0.010236507,0.008820589,0.000540823,9.75105E-05,0.020435014
8,New Haven,859339,82.03121819,3.450260353,28.26445749,24.35490676,1.493288434,0.26924049,56.42399309