county_num,county,population,E,Is,Im,A,H,D,R
1,Fairfield,944348,60.26389675,5.499483164,15.94288729,14.0738946,0.971931807,0.162076973,23.60401631
2,New London,268881,0.515559172,3.57E-02,0.113687372,0.095197244,4.71E-03,6.62E-04,0.111667182
3,Litchfield,183031,2.697271064,2.04E-01,0.628258979,5.35E-01,2.99E-02,4.52E-03,0.715959099
4,Windham,116538,0.213060381,0.018395872,0.054204897,0.047399999,0.003114219,5.10E-04,0.075421451
5,Tolland,151269,2.147897215,0.182738968,0.541654508,0.472086812,0.030406581,4.93E-03,0.73526268
6,Hartford,894730,42.85731621,3.915154172,11.34621855,10.01799828,0.692524142,0.11552952,16.81941805
7,Middlesex,163368,3.204198816,2.69E-01,0.800852129,0.696285814,4.42E-02,7.12E-03,1.068372123
8,New Haven,859339,33.04096349,2.998425819,8.70741841,7.678969269,0.527527463,0.087785172,12.80733455