county_num,county,population,E,Is,Im,A,H,D,R
1,Fairfield,944348,33.93347743,2.402618168,8.714472221,7.585307575,0.852469999,0.107240355,11.34933812
2,New London,268881,0.281859159,1.49E-02,0.056736815,0.046406269,3.67E-03,3.81E-04,0.045594418
3,Litchfield,183031,1.359701595,7.61E-02,0.286615526,2.37E-01,2.05E-02,2.25E-03,0.259350163
4,Windham,116538,0.026405114,0.001417546,0.005358375,0.004419498,0.000371082,4.06E-05,0.004696769
5,Tolland,151269,1.062100221,0.06914914,0.253986472,0.217483781,0.022574988,2.74E-03,0.296622804
6,Hartford,894730,22.92568893,1.625027878,5.893143474,5.13062456,0.577161583,0.072635891,7.685208784
7,Middlesex,163368,1.334971215,8.35E-02,0.308703976,0.262180269,2.61E-02,3.10E-03,0.340031093
8,New Haven,859339,18.60538534,1.309630803,4.754173002,4.133583182,0.462172765,0.058017423,6.148119192