"E","Is","Im","A","H","NH","NI","D","R","county_num","county","population"
125.728091006023,5.58794237883907,35.9337687265431,28.4931835410299,0.880200335552825,0.772177477080461,22.5290825155949,0.130741493686211,27.3146922000113,1,"Fairfield",944348
3.46997579952848,0.141516310551754,0.932602092573288,0.727288759373656,0.0204793047245108,0.0178148007602304,0.539139603355163,0.00275168791049856,0.607173421362607,2,"New London",268881
5.47695315128697,0.197653310580402,1.35268378408032,1.02844898041561,0.0245707202082637,0.0210053094541068,0.683280424101399,0.00259325863255598,0.65935521659227,3,"Litchfield",183031
0.439867127757008,0.0184158976782162,0.120279030938438,0.0943633130607864,0.00275517589805667,0.00240599055428269,0.0716386012509197,0.000388275469879633,0.0834291662530106,4,"Windham",116538
2.7338732359323,0.105149184701831,0.705341504768168,0.543521018771182,0.0142185167274304,0.0122771764860838,0.383348138967708,0.00173478978622087,0.404410051923506,5,"Tolland",151269
108.125960806329,4.81286169871311,30.9366231019754,24.5377506899566,0.759149555243329,0.666069617834337,19.4221409080271,0.112928031617045,23.5745016612678,6,"Hartford",894730
7.3310537906795,0.298678774472272,1.9690562122017,1.53518168385961,0.0431601499158888,0.0375379788040906,1.13688000290209,0.00578602885239763,1.27835455060576,7,"Middlesex",163368
77.3406626971695,3.42094984574871,22.0280034358959,17.4509726281442,0.536507648596304,0.470467505000585,13.7516176282331,0.0793121830783439,16.6121403829426,8,"New Haven",859339
