"E","Is","Im","A","H","D","R","county_num","county","population"
155.517568552344,6.54578452464878,45.7364147459777,35.9001930066409,1.11556317056621,0.309773517875159,65.566363710413,1,"Fairfield",944348
2.81416041318039,0.103038593379425,0.754772058927879,0.577175694108865,0.0153067862995101,0.00390469396913761,0.888913472982493,2,"New London",268881
8.22420210682291,0.290980498091493,2.15836160138902,1.63929238808345,0.0414770237405623,0.0102664907032358,2.39888650573786,3,"Litchfield",183031
0.445825226006943,0.0172016717890693,0.123485647329741,0.0954669023160048,0.00272254196629537,0.00072672382338212,0.159136328347934,4,"Windham",116538
5.37755760253112,0.207561894344588,1.49286912840484,1.15313599798803,0.0326141122652126,0.00863112800878995,1.90364964954118,5,"Tolland",151269
125.458241087117,5.28798168546048,36.9310770039852,28.9959519907712,0.902296340008412,0.250721863987395,53.0370279922923,6,"Hartford",894730
8.6949786001924,0.334131472074895,2.40679767959517,1.85754871362551,0.0522705870266102,0.0137951882277977,3.04980631157997,7,"Middlesex",163368
90.0378094307546,3.76848313770271,26.3790729005138,20.6848219146901,0.639127751122901,0.176995563590902,37.5493301082204,8,"New Haven",859339
