"E","Is","Im","A","H","D","R","county_num","county","population"
104.144726604267,5.46631016700559,29.9586582160427,24.1130151555422,1.04979287289561,0.244361079253346,43.1444827502495,1,"Fairfield",944348
1.05452699689542,0.0438693068387113,0.260179782724849,0.200205148625425,0.00654648770544864,0.00127659153872446,0.262589548019734,2,"New London",268881
5.27134005400764,0.233684688154592,1.35500554866536,1.05600492269242,0.0378066396863527,0.00786521821892497,1.52932133980779,3,"Litchfield",183031
0.385630336072658,0.0190905806740113,0.106478780225621,0.0848311677245479,0.00349331991977562,0.000792158668978045,0.143034300912796,4,"Windham",116538
3.90214593744712,0.191413215002581,1.0721950571565,0.852203714441352,0.0345578835836712,0.00775299976345034,1.41265050712382,5,"Tolland",151269
74.0056692879154,3.88850741782367,21.3041599827768,17.1505625761015,0.74746537308627,0.1740794310928,30.7217933806721,6,"Hartford",894730
5.8730436167952,0.284635624570345,1.60072856925839,1.26939561099686,0.0507845468990054,0.0113090601080154,2.07375849504938,7,"Middlesex",163368
57.3407224138718,2.99270926575874,16.4311113964581,13.2113731894707,0.571956917677019,0.132766737719904,23.4967097903335,8,"New Haven",859339
