"E","Is","Im","A","H","D","R","county_num","county","population"
131.217552476779,5.69993571003421,26.7765542892799,39.4830156141683,0.59493257919161,0.234947433725337,45.7061546861634,1,"Fairfield",944348
2.22797041210753,0.0834671526965208,0.413665171934501,0.592561626893692,0.00757474698421927,0.00281477664941765,0.578272805093134,2,"New London",268881
6.41735320262554,0.23093801692855,1.16264212615591,1.65163468449493,0.0199986518066657,0.00725737669203856,1.52309479583669,3,"Litchfield",183031
0.360113437607568,0.0143605770027748,0.0694002595280395,0.100749782420416,0.0013985643169956,0.000537989508601092,0.107164324462851,4,"Windham",116538
4.35960806494365,0.173105003009001,0.839639737685693,1.21674809964541,0.0166718817449985,0.00636631490036919,1.27630506965686,5,"Tolland",151269
105.925072682426,4.60769299461792,21.6350406303623,31.9101242337454,0.48148351965114,0.190231323585316,36.9921438901432,6,"Hartford",894730
7.03477356806187,0.278012374145567,1.3507894015092,1.95566890284506,0.0266547037952691,0.0101582727412187,2.04012053852349,7,"Middlesex",163368
75.7683569457737,3.27290451232763,15.4049488286927,22.6910890044363,0.340035177344759,0.134039277075237,26.1183609016727,8,"New Haven",859339
