"E","Is","Im","A","H","D","R","county_num","county","population"
129.442044765006,4.63057403530706,26.9820255663678,38.8872603821413,0.590027341029417,0.204651834414981,45.3244603833161,1,"Fairfield",944348
3.22716192703847,0.104639827633971,0.631039674610764,0.892216675037279,0.0121934894246701,0.00405771812029969,0.932469590727579,2,"New London",268881
5.63868565557039,0.162463387379678,1.02438865284653,1.41348294217716,0.0165398238126191,0.00510747104724525,1.25509353852076,3,"Litchfield",183031
0.283120082732029,0.00905487346803186,0.0547388480593309,0.0772726133243425,0.00105002603386844,0.000349834470881301,0.0803242168646424,4,"Windham",116538
3.45038686233197,0.109745514984048,0.666569010996105,0.938756116102892,0.0125336025687796,0.00412805264058736,0.957418026146738,5,"Tolland",151269
107.136516410387,3.83821077368347,22.3539118892644,32.2260479381326,0.48965720217605,0.169927997862757,37.6164736107641,6,"Hartford",894730
7.14312392716705,0.232606096452454,1.40072431787588,1.98206391589084,0.0272117486483303,0.00907184291503403,2.08134399321441,7,"Middlesex",163368
76.5991726948637,2.72551617897308,15.9104398065598,22.9070666557079,0.345730019898719,0.119681910914169,26.5523654138247,8,"New Haven",859339
