"E","Is","Im","A","H","NH","NI","D","R","county_num","county","population"
161.625795155385,7.90777103439247,52.0051884433999,42.3114912226932,2.63816516435519,0,37.7144103705317,0.250513583710953,54.1523499141832,1,"Fairfield",944348
3.22406438460072,0.13907226453735,0.952837736678296,0.754363561351096,0.0406784455948875,0,0.612559905358088,0.00326190183669647,0.769299567965164,2,"New London",268881
7.39474355082845,0.293993152400895,2.07292722943104,1.61044591417376,0.077188728645432,0,1.21725302548698,0.00512241964082845,1.34321698905448,3,"Litchfield",183031
0.497755893897691,0.023115597020492,0.154273354837419,0.124269271259336,0.00738782828319528,0,0.107189204449567,0.000672972698501539,0.148471660091538,4,"Windham",116538
3.0441839183734,0.124711074638888,0.869985512013852,0.680640218838951,0.0341436085280941,0,0.52873663861072,0.00245415702828881,0.614732660103358,5,"Tolland",151269
140.179546658717,6.86989335088788,45.1561311730796,36.7519028181971,2.29542957662223,0,32.7956117748325,0.218339669031654,47.1577708470909,6,"Hartford",894730
6.4358059843363,0.274256320638803,1.88710300102399,1.48981370426648,0.0790004303071263,0,1.19735514842993,0.00618354757572085,1.47754282433263,7,"Middlesex",163368
99.5931917843324,4.84866466612828,31.9364937261684,25.9566154591384,1.61019760113155,0,23.0591524191088,0.152119659191092,32.9664371133717,8,"New Haven",859339
