county_num,county,population,E,Is,Im,A,H,D,R
1,Fairfield,944348,76.47240984,3.215062442,26.34939337,22.69631768,1.384226828,0.239015841,51.75981729
2,New London,268881,0.009714483,4.08E-04,0.00334723,0.00288317,1.76E-04,3.04E-05,0.00657518
3,Litchfield,183031,0.005030714,2.12E-04,0.001733387,0.00149307,9.11E-05,1.57E-05,0.003405004
4,Windham,116538,0.26645439,0.011202308,0.091809733,0.079081246,0.00482309,0.000832808,0.180347795
5,Tolland,151269,0.599522377,0.025205193,0.206571899,0.177932804,0.010851952,0.001873818,0.40578254
6,Hartford,894730,40.76752162,1.713953149,14.04688915,12.09943068,0.737932769,0.127419595,27.5932127
7,Middlesex,163368,0.014571724,0.000612626,0.005020845,0.004324756,2.64E-04,4.55E-05,0.00986277
8,New Haven,859339,40.23461284,1.691548532,13.86326968,11.94126819,0.728286589,0.125753979,27.23251711