"E","Is","Im","A","H","D","R","county_num","county","population"
130.38267051473,4.67145939144952,27.1528854233629,39.122856471167,0.543642637526368,0.192018179601393,45.5805420286295,1,"Fairfield",944348
3.25285892046079,0.10561122669587,0.635470504170878,0.898254593698577,0.0112690300117624,0.00380716722809401,0.938388555554097,2,"New London",268881
5.68775801937295,0.164069630797162,1.03245050076685,1.42434031358772,0.0153644977224995,0.00479194436441419,1.26455902861169,3,"Litchfield",183031
0.285425800418373,0.00913984277831528,0.0551305635859388,0.0778050288728918,0.000970431046716461,0.000328240943268038,0.0808376781149322,4,"Windham",116538
3.47828619769222,0.110774432052694,0.671339344850112,0.945243495606809,0.0115918102400376,0.00387313838187407,0.963654855095564,5,"Tolland",151269
107.913910000095,3.87207564397344,22.4952413813229,32.420961749549,0.451145244774919,0.159437963379756,37.8286673264451,6,"Hartford",894730
7.19977197711002,0.234760342462491,1.41051500712349,1.99541262628608,0.025145320922759,0.00851168493057841,2.09448839203384,7,"Middlesex",163368
77.1588475793097,2.74964536254798,16.0117807998239,23.0467070476108,0.318597299188151,0.112293571733969,26.703272827135,8,"New Haven",859339
