"E","Is","Im","A","H","D","R","county_num","county","population"
128.979749273822,4.6137771401681,26.9025111626873,38.7793864487231,0.572667377004477,0.180632412471226,45.283949140104,1,"Fairfield",944348
3.21564554545748,0.1042598062007,0.629149392782045,0.889675348302283,0.0118747528828514,0.00357292259666346,0.931442990701004,2,"New London",268881
5.61858439663478,0.161872447226887,1.02125848652356,1.40932030922234,0.0161998750602227,0.00447667403558464,1.25326363164223,3,"Litchfield",183031
0.282110250350302,0.0090220041221852,0.0545747252225283,0.077052288557122,0.00102252907053811,0.000308051243851209,0.0802362478759331,4,"Windham",116538
3.43807600507849,0.109346846752243,0.66456575888056,0.9360676634955,0.0122159365173658,0.00363263408294757,0.956315554080973,5,"Tolland",151269
106.753869093531,3.82428816800189,22.2880510087453,32.1366853343666,0.47522944543042,0.1499884821567,37.5829520420937,6,"Hartford",894730
7.11763276361754,0.231761377548624,1.39653132293567,1.97642450775401,0.0264965727392679,0.00798884402616855,2.07907112161093,7,"Middlesex",163368
76.325599388596,2.71562878995237,15.8635090716601,22.8434292257933,0.335612613415907,0.105623464182804,26.5283670965545,8,"New Haven",859339
