"E","Is","Im","A","H","D","R","county_num","county","population"
149.218783764337,8.31622618432931,42.6487952177627,34.5129639415076,1.22106712700365,0.387538760665351,62.2491750130593,1,"Fairfield",944348
3.87178415224383,0.196031218926276,1.03863771095891,0.825777274537528,0.0264190565225156,0.00793858558227457,1.33177844136397,2,"New London",268881
7.04617730008634,0.321170920647308,1.76827072571067,1.37742014208202,0.0385493245899703,0.010601570225654,1.9100941718867,3,"Litchfield",183031
0.343429475270031,0.0170869329278765,0.0908612300264489,0.0720821701753643,0.00228318479516649,0.000685733494759601,0.115107498624119,4,"Windham",116538
4.1680927820863,0.207346988965789,1.10560209733765,0.876030736027462,0.0274439914369973,0.00814110343803679,1.37987188694543,5,"Tolland",151269
123.427744848241,6.88900128093833,35.312189276209,28.5835323577639,1.01273404760439,0.321651354556002,51.6363522066067,6,"Hartford",894730
8.55415593098066,0.434923030642581,2.30120467113231,1.83095934255431,0.0588351853348021,0.0177211624212832,2.96726029043724,7,"Middlesex",163368
88.5068450043242,4.90584497407637,25.2043684115871,20.3762760662773,0.717104510848963,0.226982630076391,36.5369164453288,8,"New Haven",859339
