"E","Is","Im","A","H","NH","NI","D","R","county_num","county","population"
202.932877938478,9.84162519023431,61.6081296919786,49.7227250382115,3.07418854390865,0,41.8791874460548,0.293236724178446,57.2087056011262,1,"Fairfield",944348
6.36240271089482,0.285419891370676,1.83011270237404,1.45353904286393,0.0823312470158549,0,1.15628232535951,0.00708780653607885,1.45870507958127,2,"New London",268881
10.31300102779,0.417455679064928,2.76910956324504,2.15050904389749,0.10585314231916,0,1.56731082272122,0.00732651214178304,1.70426296224048,3,"Litchfield",183031
1.30092430849439,0.0607864871104381,0.384520963457485,0.308152023302487,0.0183751524284355,0,0.253218537648614,0.0016916674168532,0.336023897928675,4,"Windham",116538
5.05138635749174,0.215279174456709,1.40357885918323,1.10251127260644,0.0584370957701633,0,0.841024410856689,0.00458048322841071,0.992215190539857,5,"Tolland",151269
174.25478707509,8.46380940463095,52.9585426982944,42.7550877631076,2.64766842352085,0,36.0490469290915,0.252988400111026,49.3132391177742,6,"Hartford",894730
12.8726643297102,0.575114701603754,3.69273830471426,2.93022221836501,0.165077274584311,0,2.32310597429644,0.0141045821408743,2.91458464805286,7,"Middlesex",163368
125.459751569339,6.05462893050506,37.9576793830296,30.6045934111551,1.88244866131497,0,25.6892199006143,0.17856764983783,34.9359829000019,8,"New Haven",859339
