county_num,county,population,E,Is,Im,A,H,D,R
1,Fairfield,944348,31.40342384,2.225481114,8.056323121,7.032144321,0.805834861,0.104760297,10.87381721
2,New London,268881,0.43514097,2.57E-02,0.095939317,0.080561408,7.54E-03,8.80E-04,0.09764341
3,Litchfield,183031,1.811262568,1.09E-01,0.405285094,3.42E-01,3.27E-02,3.87E-03,0.425601967
4,Windham,116538,0.046820924,0.002582124,0.009729347,0.0080582,0.000694522,7.73E-05,0.008839965
5,Tolland,151269,1.602545436,0.107899706,0.393716046,0.340115798,0.037088969,4.71E-03,0.495849652
6,Hartford,894730,21.86796961,1.551585596,5.615770705,4.903021536,0.562473774,0.073160184,7.591468003
7,Middlesex,163368,2.224640478,1.47E-01,0.537780433,0.462706134,4.95E-02,6.22E-03,0.658645878
8,New Haven,859339,19.24013378,1.357002866,4.915975431,4.286948082,0.48908934,0.063452843,6.594384492