county_num,county,population,E,Is,Im,A,H,D,R
1,Fairfield,944348,68.56923666,2.469072359,19.83406418,15.23867671,0.834376231,0.124622933,27.24961151
2,New London,268881,0.738231213,2.35E-02,0.194170188,0.145297571,6.81E-03,9.32E-04,0.217826748
3,Litchfield,183031,3.098364966,9.99E-02,0.822632195,6.17E-01,2.94E-02,4.07E-03,0.943219295
4,Windham,116538,0.1612186,0.004941223,0.041173975,0.030556078,0.001357131,1.79E-04,0.043058302
5,Tolland,151269,7.336861356,0.261314829,2.104143803,1.612991072,0.08724513,1.30E-02,2.844930073
6,Hartford,894730,45.55503149,1.641283676,13.18281515,10.12964607,0.554985909,0.082919652,18.12654119
7,Middlesex,163368,3.388532786,1.15E-01,0.938540752,0.712716768,3.66E-02,5.27E-03,1.183872601
8,New Haven,859339,46.2227679,1.661354029,13.35097322,10.25379729,0.560295975,0.083600256,18.29386634